{
    "repeat_count":0,
    "repeat_mode":0,
    "width":540,
    "height":1200,
    "audio":"audio.mp3",
    "frame_list":[
        {
            "drawable":"Final000.png",
            "duration":50
        },
        {
            "drawable":"Final001.png",
            "duration":50
        },
        {
            "drawable":"Final002.png",
            "duration":50
        },
        {
            "drawable":"Final003.png",
            "duration":50
        },
        {
            "drawable":"Final004.png",
            "duration":50
        },
        {
            "drawable":"Final005.png",
            "duration":50
        },
        {
            "drawable":"Final006.png",
            "duration":50
        },
        {
            "drawable":"Final007.png",
            "duration":50
        },
        {
            "drawable":"Final008.png",
            "duration":50
        },
        {
            "drawable":"Final009.png",
            "duration":50
        },
        {
            "drawable":"Final010.png",
            "duration":50
        },
        {
            "drawable":"Final011.png",
            "duration":50
        },
        {
            "drawable":"Final012.png",
            "duration":50
        },
        {
            "drawable":"Final013.png",
            "duration":50
        },
        {
            "drawable":"Final014.png",
            "duration":50
        },
        {
            "drawable":"Final015.png",
            "duration":50
        },
        {
            "drawable":"Final016.png",
            "duration":50
        },
        {
            "drawable":"Final017.png",
            "duration":50
        },
        {
            "drawable":"Final018.png",
            "duration":50
        },
        {
            "drawable":"Final019.png",
            "duration":50
        },
        {
            "drawable":"Final020.png",
            "duration":50
        },
        {
            "drawable":"Final021.png",
            "duration":50
        },
        {
            "drawable":"Final022.png",
            "duration":50
        },
        {
            "drawable":"Final023.png",
            "duration":50
        },
        {
            "drawable":"Final024.png",
            "duration":50
        },
        {
            "drawable":"Final025.png",
            "duration":50
        },
        {
            "drawable":"Final026.png",
            "duration":50
        },
        {
            "drawable":"Final027.png",
            "duration":50
        },
        {
            "drawable":"Final028.png",
            "duration":50
        },
        {
            "drawable":"Final029.png",
            "duration":50
        },
        {
            "drawable":"Final030.png",
            "duration":50
        },
        {
            "drawable":"Final031.png",
            "duration":50
        },
        {
            "drawable":"Final032.png",
            "duration":50
        },
        {
            "drawable":"Final033.png",
            "duration":50
        },
        {
            "drawable":"Final034.png",
            "duration":50
        },
        {
            "drawable":"Final035.png",
            "duration":50
        },
        {
            "drawable":"Final036.png",
            "duration":50
        },
        {
            "drawable":"Final037.png",
            "duration":50
        },
        {
            "drawable":"Final038.png",
            "duration":50
        },
        {
            "drawable":"Final039.png",
            "duration":50
        },
        {
            "drawable":"Final040.png",
            "duration":50
        },
        {
            "drawable":"Final041.png",
            "duration":50
        },
        {
            "drawable":"Final042.png",
            "duration":50
        },
        {
            "drawable":"Final043.png",
            "duration":50
        },
        {
            "drawable":"Final044.png",
            "duration":50
        },
        {
            "drawable":"Final045.png",
            "duration":50
        },
        {
            "drawable":"Final046.png",
            "duration":50
        },
        {
            "drawable":"Final047.png",
            "duration":50
        },
        {
            "drawable":"Final048.png",
            "duration":50
        },
        {
            "drawable":"Final049.png",
            "duration":50
        },
        {
            "drawable":"Final050.png",
            "duration":50
        },
        {
            "drawable":"Final051.png",
            "duration":50
        },
        {
            "drawable":"Final052.png",
            "duration":50
        },
        {
            "drawable":"Final053.png",
            "duration":50
        },
        {
            "drawable":"Final054.png",
            "duration":50
        },
        {
            "drawable":"Final055.png",
            "duration":50
        },
        {
            "drawable":"Final056.png",
            "duration":50
        },
        {
            "drawable":"Final057.png",
            "duration":50
        },
        {
            "drawable":"Final058.png",
            "duration":50
        },
        {
            "drawable":"Final059.png",
            "duration":50
        },
       {
            "drawable":"Final060.png",
            "duration":50
        },
        {
            "drawable":"Final061.png",
            "duration":50
        },
        {
            "drawable":"Final062.png",
            "duration":50
        },
        {
            "drawable":"Final063.png",
            "duration":50
        },
        {
            "drawable":"Final064.png",
            "duration":50
        },
        {
            "drawable":"Final065.png",
            "duration":50
        },
        {
            "drawable":"Final066.png",
            "duration":50
        },
        {
            "drawable":"Final067.png",
            "duration":50
        },
        {
            "drawable":"Final068.png",
            "duration":50
        },
        {
            "drawable":"Final069.png",
            "duration":50
        },
        {
            "drawable":"Final070.png",
            "duration":50
        },
        {
            "drawable":"Final071.png",
            "duration":50
        },
        {
            "drawable":"Final072.png",
            "duration":50
        },
        {
            "drawable":"Final073.png",
            "duration":50
        },
        {
            "drawable":"Final074.png",
            "duration":50
        },
        {
            "drawable":"Final075.png",
            "duration":50
        },
        {
            "drawable":"Final076.png",
            "duration":50
        },
        {
            "drawable":"Final077.png",
            "duration":50
        },
        {
            "drawable":"Final078.png",
            "duration":50
        },
        {
            "drawable":"Final079.png",
            "duration":50
        },
        {
            "drawable":"Final080.png",
            "duration":50
        },
        {
            "drawable":"Final081.png",
            "duration":50
        },
        {
            "drawable":"Final082.png",
            "duration":50
        },
        {
            "drawable":"Final083.png",
            "duration":50
        },
        {
            "drawable":"Final084.png",
            "duration":50
        },
        {
            "drawable":"Final085.png",
            "duration":50
        },
        {
            "drawable":"Final086.png",
            "duration":50
        },
        {
            "drawable":"Final087.png",
            "duration":50
        },
        {
            "drawable":"Final088.png",
            "duration":50
        },
        {
            "drawable":"Final089.png",
            "duration":50
        },
        {
            "drawable":"Final090.png",
            "duration":50
        },
        {
            "drawable":"Final091.png",
            "duration":50
        },
        {
            "drawable":"Final092.png",
            "duration":50
        },
        {
            "drawable":"Final093.png",
            "duration":50
        },
        {
            "drawable":"Final094.png",
            "duration":50
        },
        {
            "drawable":"Final095.png",
            "duration":50
        },
        {
            "drawable":"Final096.png",
            "duration":50
        },
        {
            "drawable":"Final097.png",
            "duration":50
        },
        {
            "drawable":"Final098.png",
            "duration":50
        },
        {
            "drawable":"Final099.png",
            "duration":50
        },
        {
            "drawable":"Final100.png",
            "duration":50
        },
        {
            "drawable":"Final101.png",
            "duration":50
        },
        {
            "drawable":"Final102.png",
            "duration":50
        },
        {
            "drawable":"Final103.png",
            "duration":50
        },
        {
            "drawable":"Final104.png",
            "duration":50
        },
        {
            "drawable":"Final105.png",
            "duration":50
        },
        {
            "drawable":"Final106.png",
            "duration":50
        },
        {
            "drawable":"Final107.png",
            "duration":50
        },
        {
            "drawable":"Final108.png",
            "duration":50
        },
        {
            "drawable":"Final109.png",
            "duration":50
        },
        {
            "drawable":"Final110.png",
            "duration":50
        },
        {
            "drawable":"Final111.png",
            "duration":50
        },
        {
            "drawable":"Final112.png",
            "duration":50
        },
        {
            "drawable":"Final113.png",
            "duration":50
        },
        {
            "drawable":"Final114.png",
            "duration":50
        },
        {
            "drawable":"Final115.png",
            "duration":50
        },
        {
            "drawable":"Final116.png",
            "duration":50
        },
        {
            "drawable":"Final117.png",
            "duration":50
        },
        {
            "drawable":"Final118.png",
            "duration":50
        },
        {
            "drawable":"Final119.png",
            "duration":50
        }
    ]
}